cpf;nome paciente;email paciente;data nascimento paciente;endereço/rua paciente;cidade paciente;estado patiente;crm médico;crm médico estado;nome médico;email médico;token resultado exame;data exame;tipo exame;limites tipo exame;resultado tipo exame
066.126.400-90;Matheus Barroso;maricela@streich.com;1972-03-09;9378 Rua Stella Braga;Senador Elói de Souza;Pernambuco;B000B7CDX4;SP;Sra. Calebe Louzada;kendra@nolan-sawayn.co;T9O6AI;2021-11-21;hemácias;45-52;48
066.126.400-90;Matheus Barroso;maricela@streich.com;1972-03-09;9378 Rua Stella Braga;Senador Elói de Souza;Pernambuco;B000B7CDX4;SP;Sra. Calebe Louzada;kendra@nolan-sawayn.co;T9O6AI;2021-11-21;leucócitos;9-61;75
066.126.400-90;Matheus Barroso;maricela@streich.com;1972-03-09;9378 Rua Stella Braga;Senador Elói de Souza;Pernambuco;B000B7CDX4;SP;Sra. Calebe Louzada;kendra@nolan-sawayn.co;T9O6AI;2021-11-21;plaquetas;11-93;67
066.126.400-90;Matheus Barroso;maricela@streich.com;1972-03-09;9378 Rua Stella Braga;Senador Elói de Souza;Pernambuco;B000B7CDX4;SP;Sra. Calebe Louzada;kendra@nolan-sawayn.co;T9O6AI;2021-11-21;hdl;19-75;3
066.126.400-90;Matheus Barroso;maricela@streich.com;1972-03-09;9378 Rua Stella Braga;Senador Elói de Souza;Pernambuco;B000B7CDX4;SP;Sra. Calebe Louzada;kendra@nolan-sawayn.co;T9O6AI;2021-11-21;ldl;45-54;27
066.126.400-90;Matheus Barroso;maricela@streich.com;1972-03-09;9378 Rua Stella Braga;Senador Elói de Souza;Pernambuco;B000B7CDX4;SP;Sra. Calebe Louzada;kendra@nolan-sawayn.co;T9O6AI;2021-11-21;vldl;48-72;27
066.126.400-90;Matheus Barroso;maricela@streich.com;1972-03-09;9378 Rua Stella Braga;Senador Elói de Souza;Pernambuco;B000B7CDX4;SP;Sra. Calebe Louzada;kendra@nolan-sawayn.co;T9O6AI;2021-11-21;glicemia;25-83;78
066.126.400-90;Matheus Barroso;maricela@streich.com;1972-03-09;9378 Rua Stella Braga;Senador Elói de Souza;Pernambuco;B000B7CDX4;SP;Sra. Calebe Louzada;kendra@nolan-sawayn.co;T9O6AI;2021-11-21;tgo;50-84;15
066.126.400-90;Matheus Barroso;maricela@streich.com;1972-03-09;9378 Rua Stella Braga;Senador Elói de Souza;Pernambuco;B000B7CDX4;SP;Sra. Calebe Louzada;kendra@nolan-sawayn.co;T9O6AI;2021-11-21;tgp;38-63;34
066.126.400-90;Matheus Barroso;maricela@streich.com;1972-03-09;9378 Rua Stella Braga;Senador Elói de Souza;Pernambuco;B000B7CDX4;SP;Sra. Calebe Louzada;kendra@nolan-sawayn.co;T9O6AI;2021-11-21;eletrólitos;2-68;92
066.126.400-90;Matheus Barroso;maricela@streich.com;1972-03-09;9378 Rua Stella Braga;Senador Elói de Souza;Pernambuco;B000B7CDX4;SP;Sra. Calebe Louzada;kendra@nolan-sawayn.co;T9O6AI;2021-11-21;tsh;25-80;21
066.126.400-90;Matheus Barroso;maricela@streich.com;1972-03-09;9378 Rua Stella Braga;Senador Elói de Souza;Pernambuco;B000B7CDX4;SP;Sra. Calebe Louzada;kendra@nolan-sawayn.co;T9O6AI;2021-11-21;t4-livre;34-60;95
066.126.400-90;Matheus Barroso;maricela@streich.com;1972-03-09;9378 Rua Stella Braga;Senador Elói de Souza;Pernambuco;B000B7CDX4;SP;Sra. Calebe Louzada;kendra@nolan-sawayn.co;T9O6AI;2021-11-21;ácido úrico;15-61;10